time_slot,h1,h2,h3,h4,h5,h6,h7,h8,h9,h10,h11,h12
1,5152.429373,564.5758538,5156.12817,566.5933795,5139.65171,562.5583281,5146.71305,567.9383967,5133.599132,559.8682937,5149.403084,555.1607337


